file1,file2
04233d3014.tiff,04418d1201.tiff
04470d2736.tiff,04725d1396.tiff
05245d73.tiff,05301d1138.tiff
05368d775.tiff,05394d253.tiff
05406d878.tiff,05407d1038.tiff
05409d1300.tiff,05415d1100.tiff
05432d1006.tiff,05517d645.tiff
05541d757.tiff,05555d1112.tiff
05611d583.tiff,05615d796.tiff
05618d1067.tiff,05664d1048.tiff
05674d944.tiff,05679d593.tiff
05696d1036.tiff,05705d1043.tiff
05708d637.tiff,05714d754.tiff
05720d265.tiff,05731d431.tiff
05733d1299.tiff,05735d326.tiff
05756d451.tiff,05764d868.tiff
05766d766.tiff,05798d451.tiff
05804d778.tiff,05808d948.tiff
05809d776.tiff,05812d765.tiff
05830d554.tiff,05839d219.tiff
05868d737.tiff,05869d136.tiff
05881d452.tiff,05893d576.tiff
05905d100.tiff,05913d416.tiff
05937d220.tiff,05953d712.tiff
05959d121.tiff,06001d465.tiff
06004d364.tiff,06009d267.tiff
06017d613.tiff,06023d388.tiff
06028d407.tiff,06046d432.tiff
06053d125.tiff,06061d310.tiff
06063d369.tiff,06069d260.tiff
06072d108.tiff,06082d359.tiff
06089d60.tiff,06096d346.tiff
06103d221.tiff,06112d214.tiff
06129d316.tiff,06130d372.tiff
06135d261.tiff,06139d313.tiff
06181d225.tiff,06190d122.tiff
06191d114.tiff,06207d203.tiff
06214d212.tiff,06234d163.tiff
06238d324.tiff,06246d266.tiff
06270d105.tiff,06301d100.tiff
06305d266.tiff,06314d158.tiff
06317d179.tiff,06320d163.tiff
06321d15.tiff,06325d13.tiff
06326d13.tiff,06329d13.tiff
06333d123.tiff,06341d13.tiff
06342d130.tiff,06345d13.tiff
06350d13.tiff,06352d13.tiff
06353d201.tiff,06358d173.tiff
06359d140.tiff,06380d113.tiff
06384d164.tiff,06386d134.tiff
06387d156.tiff,06391d115.tiff
06412d11.tiff,06414d11.tiff
06425d101.tiff,06438d13.tiff
06441d102.tiff,06444d103.tiff
06451d38.tiff,06457d32.tiff
06458d34.tiff,06462d39.tiff
06464d123.tiff,06480d259.tiff
06483d49.tiff,06484d49.tiff
06486d102.tiff,06491d167.tiff
06494d177.tiff,06496d184.tiff
06505d347.tiff,06506d225.tiff
06516d222.tiff,06522d222.tiff
06530d115.tiff,06533d33.tiff
06539d224.tiff,06547d229.tiff
06548d153.tiff,06549d173.tiff
06552d129.tiff,06556d102.tiff
06560d113.tiff,06568d383.tiff
06574d276.tiff,06575d276.tiff
06580d273.tiff,06581d177.tiff
06582d273.tiff,06583d147.tiff
06598d171.tiff,06612d142.tiff
06618d181.tiff,06627d177.tiff
06638d117.tiff,06641d176.tiff
06662d158.tiff,06670d170.tiff
06671d136.tiff,06678d174.tiff
06679d169.tiff,06690d134.tiff
04233d3018.tiff,04418d1205.tiff
04470d2715.tiff,04725d1400.tiff
05033d2054.tiff,05245d77.tiff
05301d1142.tiff,05368d779.tiff
05394d257.tiff,05406d882.tiff
05407d1042.tiff,05409d1304.tiff
05415d1104.tiff,05432d1010.tiff
05517d649.tiff,05541d761.tiff
05555d1116.tiff,05611d587.tiff
05615d800.tiff,05618d1071.tiff
05664d1052.tiff,05674d948.tiff
05679d597.tiff,05705d1047.tiff
05708d641.tiff,05714d758.tiff
05720d269.tiff,05731d435.tiff
05733d1303.tiff,05735d330.tiff
05756d455.tiff,05764d872.tiff
05766d770.tiff,05798d455.tiff
05808d952.tiff,05809d780.tiff
05812d769.tiff,05830d558.tiff
05839d223.tiff,05869d140.tiff
05881d456.tiff,05893d580.tiff
05905d104.tiff,05913d103.tiff
05937d224.tiff,05953d716.tiff
05959d125.tiff,06004d368.tiff
06009d271.tiff,06017d617.tiff
06023d392.tiff,06028d411.tiff
06046d436.tiff,06053d129.tiff
06061d353.tiff,06063d373.tiff
06067d150.tiff,06069d264.tiff
06072d112.tiff,06082d363.tiff
06089d63.tiff,06096d350.tiff
06103d225.tiff,06112d218.tiff
06129d320.tiff,06130d376.tiff
06135d265.tiff,06139d317.tiff
06181d229.tiff,06190d126.tiff
06191d118.tiff,06207d207.tiff
06214d216.tiff,06234d167.tiff
06238d328.tiff,06246d270.tiff
06270d109.tiff,06301d104.tiff
06305d270.tiff,06314d162.tiff
06317d183.tiff,06320d167.tiff
06321d19.tiff,06325d17.tiff
06326d17.tiff,06329d172.tiff
06333d127.tiff,06341d17.tiff
06342d134.tiff,06345d147.tiff
06350d17.tiff,06353d205.tiff
06358d177.tiff,06359d144.tiff
06380d117.tiff,06384d168.tiff
06386d138.tiff,06387d160.tiff
06391d119.tiff,06395d120.tiff
06412d142.tiff,06414d15.tiff
06425d17.tiff,06438d15.tiff
06441d106.tiff,06444d107.tiff
06451d42.tiff,06457d36.tiff
06458d38.tiff,06462d43.tiff
06464d127.tiff,06480d263.tiff
06483d53.tiff,06484d53.tiff
06486d106.tiff,06491d171.tiff
06494d181.tiff,06496d188.tiff
06505d351.tiff,06506d229.tiff
06516d100.tiff,06522d226.tiff
06530d119.tiff,06533d359.tiff
06539d228.tiff,06547d233.tiff
06548d149.tiff,06549d177.tiff
06552d133.tiff,06556d106.tiff
06560d117.tiff,06568d387.tiff
06574d280.tiff,06575d280.tiff
06580d277.tiff,06581d181.tiff
06582d277.tiff,06583d151.tiff
06598d13.tiff,06612d138.tiff
06618d185.tiff,06627d181.tiff
06638d121.tiff,06641d180.tiff
06662d162.tiff,06670d174.tiff
06671d140.tiff,06678d178.tiff
06679d173.tiff,06690d138.tiff
04233d1695.tiff,04267d334.tiff
04397d2016.tiff,04418d600.tiff
04470d1549.tiff,04511d689.tiff
04629d1385.tiff,04725d590.tiff
04815d968.tiff,04870d1085.tiff
05011d218.tiff,05033d685.tiff
05052d189.tiff,05136d302.tiff
05155d209.tiff,05233d360.tiff
05245d55.tiff,05248d422.tiff
05270d14.tiff,05301d162.tiff
05304d212.tiff,05305d113.tiff
05308d76.tiff,05314d133.tiff
05316d49.tiff,05324d137.tiff
05337d116.tiff,05341d132.tiff
05342d79.tiff,05344d108.tiff
05368d232.tiff,05369d129.tiff
05382d53.tiff,05386d112.tiff
05389d112.tiff,05393d271.tiff
05394d125.tiff,05406d113.tiff
05407d1026.tiff,05409d418.tiff
05415d153.tiff,05432d103.tiff
05439d127.tiff,05442d113.tiff
05445d51.tiff,05457d26.tiff
05460d76.tiff,05463d73.tiff
05466d191.tiff,05469d66.tiff
05470d53.tiff,05480d50.tiff
05483d27.tiff,05490d53.tiff
05493d47.tiff,05499d46.tiff
05501d66.tiff,05504d26.tiff
05510d36.tiff,05511d156.tiff
05512d51.tiff,05513d60.tiff
05517d49.tiff,05518d62.tiff
05522d135.tiff,05523d12.tiff
05524d14.tiff,05526d14.tiff
05528d27.tiff,05531d54.tiff
05535d26.tiff,05537d114.tiff
05541d27.tiff,05542d123.tiff
05555d709.tiff,05556d14.tiff
05557d27.tiff,05558d14.tiff
05559d183.tiff,05560d25.tiff
05562d27.tiff,05565d14.tiff
05583d14.tiff,05600d1.tiff
05609d2.tiff,05610d2.tiff
05611d2.tiff,05615d2.tiff
05618d1.tiff,05623d2.tiff
05626d2.tiff,05627d2.tiff
05628d2.tiff,05647d2.tiff
05648d2.tiff,05649d1.tiff
05650d1.tiff,05658d1.tiff
05664d1.tiff,05670d1.tiff
05674d934.tiff,05676d1.tiff
05677d1.tiff,05678d307.tiff
05679d571.tiff,05681d1.tiff
05691d1.tiff,05696d736.tiff
05705d1.tiff,05707d102.tiff
05708d1.tiff,05710d1.tiff
05714d1.tiff,05715d1.tiff
05720d1.tiff,05722d1.tiff
05724d24.tiff,05725d37.tiff
05731d1.tiff,05732d1.tiff
05733d1.tiff,05735d1.tiff
05740d125.tiff,05746d123.tiff
05749d1.tiff,05751d126.tiff
05754d22.tiff,05756d485.tiff
05764d128.tiff,05766d144.tiff
05767d1.tiff,05768d118.tiff
05773d1.tiff,05774d140.tiff
05791d1.tiff,05792d45.tiff
05793d189.tiff,05794d45.tiff
05798d238.tiff,05804d206.tiff
05807d204.tiff,05808d929.tiff
05809d204.tiff,05812d351.tiff
05814d127.tiff,05816d176.tiff
05819d140.tiff,05823d153.tiff
05830d293.tiff,05833d215.tiff
05836d165.tiff,05837d48.tiff
05839d100.tiff,05847d105.tiff
05850d102.tiff,05854d148.tiff
05868d110.tiff,05869d118.tiff
05881d45.tiff,05886d22.tiff
05893d32.tiff,05894d109.tiff
05905d108.tiff,05912d743.tiff
05913d107.tiff,05914d100.tiff
05917d22.tiff,05921d22.tiff
05936d22.tiff,05937d22.tiff
05948d10.tiff,05952d220.tiff
05953d682.tiff,05964d22.tiff
05966d21.tiff,05969d35.tiff
05978d35.tiff,05993d131.tiff
06001d60.tiff,06004d60.tiff
06007d49.tiff,06009d129.tiff
06016d58.tiff,06017d135.tiff
06023d104.tiff,06027d50.tiff
06028d129.tiff,06032d37.tiff
06033d129.tiff,06035d119.tiff
06046d50.tiff,06053d37.tiff
06061d48.tiff,06063d53.tiff
06067d39.tiff,06069d45.tiff
06071d49.tiff,06072d77.tiff
06082d35.tiff,06085d36.tiff
06089d36.tiff,06096d334.tiff
06103d208.tiff,06112d1.tiff
06113d1.tiff,06114d1.tiff
06121d1.tiff,06129d1.tiff
06130d360.tiff,06135d1.tiff
06139d1.tiff,06141d1.tiff
06142d1.tiff,06166d1.tiff
06174d1.tiff,06181d1.tiff
06185d1.tiff,06190d1.tiff
06191d1.tiff,06207d176.tiff
06212d115.tiff,06214d1.tiff
06225d1.tiff,06232d1.tiff
06234d1.tiff,06238d304.tiff
06241d141.tiff,06244d127.tiff
06246d252.tiff,06259d1.tiff
06263d1.tiff,06269d1.tiff
06270d1.tiff,06301d1.tiff
06305d1.tiff,06314d148.tiff
06317d159.tiff,06320d151.tiff
06321d1.tiff,06325d1.tiff
06326d1.tiff,06329d1.tiff
06333d1.tiff,06335d144.tiff
06341d1.tiff,06342d118.tiff
06345d131.tiff,06350d1.tiff
06352d1.tiff,06353d184.tiff
06358d1.tiff,06359d115.tiff
06360d1.tiff,06364d1.tiff
06380d1.tiff,06384d1.tiff
06385d1.tiff,06386d1.tiff
06387d122.tiff,06391d103.tiff
06395d1.tiff,06412d1.tiff
06414d1.tiff,06425d125.tiff
06438d1.tiff,06441d1.tiff
06444d1.tiff,06451d26.tiff
06457d22.tiff,06458d22.tiff
06462d27.tiff,06464d131.tiff
06480d273.tiff,06483d31.tiff
06484d33.tiff,06486d110.tiff
06491d100.tiff,06494d100.tiff
06495d50.tiff,06496d48.tiff
06501d123.tiff,06503d110.tiff
06504d38.tiff,06505d41.tiff
06506d40.tiff,06516d104.tiff
06517d101.tiff,06522d236.tiff
06530d107.tiff,06533d41.tiff
06539d238.tiff,06547d243.tiff
06548d183.tiff,06549d187.tiff
06552d121.tiff,06556d235.tiff
06560d105.tiff,06563d169.tiff
06566d1.tiff,06568d1.tiff
06574d1.tiff,06575d1.tiff
06580d21.tiff,06581d173.tiff
06582d21.tiff,06583d185.tiff
06598d189.tiff,06612d172.tiff
06617d167.tiff,06618d195.tiff
06627d191.tiff,06638d131.tiff
06641d190.tiff,06662d166.tiff
06670d188.tiff,06671d170.tiff
06678d186.tiff,06679d183.tiff
06690d168.tiff,06727d11.tiff
90021d173.tiff,90349d1.tiff
04233d1694.tiff,04267d333.tiff
04397d2014.tiff,04418d599.tiff
04470d1548.tiff,04511d690.tiff
04629d1384.tiff,04725d591.tiff
04815d969.tiff,04870d1084.tiff
05011d219.tiff,05033d684.tiff
05052d190.tiff,05136d301.tiff
05155d208.tiff,05233d359.tiff
05245d56.tiff,05248d421.tiff
05270d15.tiff,05301d161.tiff
05304d213.tiff,05305d112.tiff
05308d75.tiff,05314d132.tiff
05316d48.tiff,05324d136.tiff
05337d115.tiff,05341d131.tiff
05342d78.tiff,05344d107.tiff
05368d231.tiff,05369d128.tiff
05382d54.tiff,05386d111.tiff
05389d113.tiff,05393d272.tiff
05394d126.tiff,05406d112.tiff
05407d1027.tiff,05409d417.tiff
05415d152.tiff,05432d102.tiff
05439d128.tiff,05442d112.tiff
05445d50.tiff,05457d25.tiff
05460d75.tiff,05463d72.tiff
05466d190.tiff,05469d65.tiff
05470d52.tiff,05480d49.tiff
05483d26.tiff,05485d74.tiff
05490d52.tiff,05493d46.tiff
05499d45.tiff,05501d65.tiff
05504d25.tiff,05510d35.tiff
05511d157.tiff,05512d50.tiff
05513d61.tiff,05517d50.tiff
05518d63.tiff,05522d136.tiff
05523d13.tiff,05524d15.tiff
05526d15.tiff,05528d28.tiff
05531d55.tiff,05535d27.tiff
05537d115.tiff,05541d28.tiff
05542d124.tiff,05555d710.tiff
05556d15.tiff,05557d28.tiff
05558d15.tiff,05559d100.tiff
05560d26.tiff,05562d28.tiff
05565d15.tiff,05570d15.tiff
05583d15.tiff,05600d2.tiff
05606d1.tiff,05609d1.tiff
05610d1.tiff,05611d1.tiff
05615d1.tiff,05618d2.tiff
05623d1.tiff,05626d1.tiff
05627d1.tiff,05628d1.tiff
05647d1.tiff,05648d1.tiff
05649d2.tiff,05650d2.tiff
05655d2.tiff,05658d2.tiff
05664d2.tiff,05670d2.tiff
05674d935.tiff,05676d2.tiff
05677d2.tiff,05678d306.tiff
05679d572.tiff,05681d2.tiff
05691d2.tiff,05696d737.tiff
05705d2.tiff,05707d103.tiff
05708d2.tiff,05710d2.tiff
05714d2.tiff,05715d2.tiff
05722d2.tiff,05724d25.tiff
05725d38.tiff,05731d2.tiff
05732d2.tiff,05733d2.tiff
05735d2.tiff,05740d126.tiff
05746d124.tiff,05749d2.tiff
05751d127.tiff,05754d23.tiff
05756d487.tiff,05764d129.tiff
05766d145.tiff,05767d2.tiff
05768d119.tiff,05773d2.tiff
05774d141.tiff,05791d2.tiff
05792d46.tiff,05793d190.tiff
05794d46.tiff,05798d239.tiff
05804d207.tiff,05807d205.tiff
05808d930.tiff,05809d205.tiff
05812d352.tiff,05814d128.tiff
05816d177.tiff,05819d139.tiff
05823d154.tiff,05830d294.tiff
05833d216.tiff,05836d166.tiff
05839d101.tiff,05847d106.tiff
05850d101.tiff,05854d149.tiff
05868d109.tiff,05869d119.tiff
05881d46.tiff,05886d21.tiff
05893d31.tiff,05894d110.tiff
05905d110.tiff,05912d744.tiff
05913d109.tiff,05914d69.tiff
05917d21.tiff,05921d21.tiff
05936d21.tiff,05937d21.tiff
05948d84.tiff,05953d683.tiff
05959d11.tiff,05964d21.tiff
05966d20.tiff,05969d36.tiff
05978d36.tiff,05993d129.tiff
06001d58.tiff,06004d58.tiff
06007d47.tiff,06009d130.tiff
06016d56.tiff,06017d136.tiff
06023d102.tiff,06027d48.tiff
06028d130.tiff,06032d36.tiff
06033d130.tiff,06035d118.tiff
06046d48.tiff,06053d35.tiff
06061d50.tiff,06063d51.tiff
06069d43.tiff,06071d47.tiff
06072d78.tiff,06082d36.tiff
06085d37.tiff,06089d37.tiff
06096d335.tiff,06103d209.tiff
06112d2.tiff,06113d2.tiff
06114d2.tiff,06121d2.tiff
06129d2.tiff,06130d361.tiff
06135d2.tiff,06139d2.tiff
06141d2.tiff,06142d2.tiff
06144d2.tiff,06166d2.tiff
06174d2.tiff,06181d2.tiff
06185d2.tiff,06190d2.tiff
06191d2.tiff,06195d152.tiff
06207d177.tiff,06212d116.tiff
06214d2.tiff,06225d2.tiff
06232d2.tiff,06234d2.tiff
06238d305.tiff,06241d137.tiff
06244d129.tiff,06259d2.tiff
06263d2.tiff,06269d2.tiff
06270d2.tiff,06301d2.tiff
06305d2.tiff,06314d149.tiff
06317d160.tiff,06320d152.tiff
06321d2.tiff,06326d2.tiff
06329d2.tiff,06333d2.tiff
06335d146.tiff,06341d2.tiff
06342d119.tiff,06345d132.tiff
06350d2.tiff,06352d2.tiff
06353d185.tiff,06358d2.tiff
06359d116.tiff,06360d2.tiff
06364d2.tiff,06380d2.tiff
06384d2.tiff,06385d2.tiff
06386d2.tiff,06387d123.tiff
06391d104.tiff,06395d2.tiff
06412d2.tiff,06414d2.tiff
06425d133.tiff,06438d2.tiff
06441d2.tiff,06451d27.tiff
06457d23.tiff,06458d23.tiff
06462d28.tiff,06464d119.tiff
06480d277.tiff,06483d32.tiff
06484d34.tiff,06486d112.tiff
06491d102.tiff,06494d102.tiff
06495d51.tiff,06496d49.tiff
06501d119.tiff,06503d112.tiff
06504d39.tiff,06505d42.tiff
06506d41.tiff,06516d106.tiff
06517d103.tiff,06522d240.tiff
06530d109.tiff,06533d43.tiff
06539d240.tiff,06547d245.tiff
06548d185.tiff,06549d189.tiff
06552d123.tiff,06556d231.tiff
06560d107.tiff,06563d165.tiff
06566d233.tiff,06568d315.tiff
06574d292.tiff,06575d292.tiff
06580d23.tiff,06581d169.tiff
06582d23.tiff,06583d181.tiff
06598d185.tiff,06612d174.tiff
06617d169.tiff,06618d197.tiff
06627d193.tiff,06638d133.tiff
06641d194.tiff,06662d154.tiff
06670d178.tiff,06671d172.tiff
06678d182.tiff,06679d185.tiff
06690d170.tiff,06727d13.tiff
90021d174.tiff,90349d2.tiff
